municipio,confirmado_11_05,suspeito_11_05,morte_11_05,confirmado_10_05,suspeito_10_05,morte_10_05,confirmado_09_05,suspeito_09_05,morte_09_05,confirmado_08_05,suspeito_08_05,morte_08_05,confirmado_07_05,suspeito_07_05,morte_07_05,confirmado_06_05,suspeito_06_05,morte_06_05,confirmado_05_05,suspeito_05_05,morte_05_05,confirmado_04_05,suspeito_04_05,morte_04_05,confirmado_03_05,suspeito_03_05,morte_03_05,confirmado_02_05,suspeito_02_05,morte_02_05,confirmado_01_05,suspeito_01_05,morte_01_05,confirmado_30_04,suspeito_30_04,morte_30_04,confirmado_29_04,suspeito_29_04,morte_29_04,confirmado_28_04,suspeito_28_04,morte_28_04,confirmado_27_04,suspeito_27_04,morte_27_04,confirmado_26_04,suspeito_26_04,morte_26_04,confirmado_25_04,suspeito_25_04,morte_25_04,confirmado_24_04,suspeito_24_04,morte_24_04,confirmado_23_04,suspeito_23_04,morte_23_04,confirmado_22_04,suspeito_22_04,morte_22_04,confirmado_21_04,suspeito_21_04,morte_21_04,confirmado_20_04,suspeito_20_04,morte_20_04,confirmado_18_04,suspeito_18_04,morte_18_04,confirmado_17_04,suspeito_17_04,morte_17_04,confirmado_16_04,suspeito_16_04,morte_16_04,confirmado_15_04,suspeito_15_04,morte_15_04,confirmado_14_04,suspeito_14_04,morte_14_04,confirmado_13_04,suspeito_13_04,morte_13_04,confirmado_12_04_,suspeito_12_04,morte_12_04,confirmado_11_04,suspeito_11_04,morte_11_04,confirmado_10_04,suspeito_10_04,morte_10_04,confirmado_09_04,suspeito_09_04,morte_09_04,confirmado_08_04,suspeito_08_04,morte_08_04,confirmado_07_04,suspeito_07_04,morte_07_04,morte_06_04,confirmado_05_04,suspeito_05_04,morte_05_04,morte_04_04,confirmado_03_04,suspeito_03_04,morte_03_04,confirmado_02_04,suspeitos_02_04,morte_02_04,confirmado_01_04,suspeito_01_04,morte_01_04,morte_31_03,confirmado_30_03,suspeitos_30_03,morte_30_03,morte_29_03,confirmados_28_03,suspeitos_28_03,morte_28_03,confirmados_27_03,suspeitos_27_03,morte_27_03,morte_26_03,confirmados_25_03,suspeitos_25_03,morte_25_03,confirmados_24_03,suspeitos_24_03,morte_24_03,morte_23_03,confirmados_22_03,suspeitos_22_03,morte_22_03,morte_21_03,confirmados_20_03,suspeitos_20_03,morte_20_03,morte_19_03,confirmados_18_03,suspeitos_18_03,morte_18_03,morte_17_03,confirmados_16_03,suspeitos_16_03,morte_16_03,morte_15_03,morte_14_03,confirmados_13_03,suspeitos_13_03,morte_13_03,morte_12_03,suspeitos_11_03,suspeitos_10_03,suspeitos_06_03,suspeitos_05_03,suspeitos_03_03,suspeitos_02_03,suspeitos_28_02
Acari,2,62,,2,60,,2,60,,2,60,,2,59,,1,59,,1,57,,1,57,,1,56,,1,56,,1,56,,2,56,,1,57,,1,54,,1,53,,1,52,,1,52,,1,50,,1,51,,1,50,,1,49,,1,49,,1,36,,1,35,,1,35,,1,35,,1,35,,,36,,,37,,,37,,,37,,,37,,,30,,,31,,,,,,,,28,,,29,,,25,,,,10,,,,10,,,10,,,,6,,,,,,,,,,,,,,,,,,,,,,,,,,,,,,,,,
Açu,54,76,3,55,67,3,55,65,3,53,55,3,49,46,2,46,42,2,42,41,2,42,38,2,42,37,2,42,38,2,42,38,2,35,41,2,35,43,2,31,37,2,29,38,2,29,38,2,29,32,1,25,30,1,24,33,1,24,29,1,20,23,1,19,25,1,18,15,1,16,15,1,13,18,1,13,18,,11,22,,10,29,,8,36,,8,36,,8,37,,8,32,,8,31,,8,32,,,8,33,,,6,37,,1,33,,1,29,,,1,23,,,1,24,,,29,,,,29,,,10,,,,6,,,,,,,,,,,,,,,,,,,,,,,,,,
Afonso Bezerra,1,6,,1,6,,1,6,,1,6,,1,5,,1,4,,,4,,,4,,,4,,,4,,,4,,,3,,,3,,,3,,,2,,,2,,,2,,,2,,,1,,,1,,,1,,,1,,,1,,,1,,,1,,,1,,,1,,,1,,,2,,,1,,,2,,,2,,,2,,,,,,,2,,,,2,,,1,,,1,,,,1,,,,1,,,1,,,,1,,,,,,,,,,,,,,,,,,,,,,,,,,,,,,,,,
Água Nova,,1,,,,,,,,,,,,,,,,,,,,,,,,,,,1,,,1,,,1,,,1,,,2,,,2,,,2,,,1,,,,,,,,,,,,,,,,,,,,,,,,,,,,,,,,,,,,,,,,,,,,,,,,,,,,,,,,,,,,,,,,,,,,,,,,,,,,,,,,,,,,,,,,,,,,,,,,,,,,,,,,,,,,,,,,,
Alexandria,5,1,1,5,,1,5,,1,5,,1,4,,1,4,,1,4,,1,4,,1,4,,1,4,,1,4,1,1,4,,1,5,,1,1,21,1,1,5,1,1,5,1,1,5,1,1,,1,1,1,,1,1,,,,,,,,,,,,,,,,,,,,,1,,,2,,,2,,,1,,,2,,,2,,,2,,,1,,,,1,,,,1,,,1,,,,,,,,,,,,,,,,,,,,,,,,,,,,,,,,,,,,,,,,,,,,,,,,,,,
Almino Afonso,,6,,,6,,,6,,,6,,,6,,,6,,,3,,,6,,,6,,,6,,,6,,,4,,,4,,,3,,,3,,,3,,,3,,,3,,,1,,,1,,,1,,,1,,,1,,,1,,,1,,,1,,,1,,,2,,,2,,,2,,,2,,,2,,,1,,,1,,,,1,,,,1,,,1,,,,,,,,,,,,,,,,,,,,,,,,,,,,,,,,,,,,,,,,,,,,,,,,,,,
Alto do Rodrigues,5,43,1,5,35,1,4,35,1,4,33,1,3,32,1,2,28,1,2,26,1,2,24,1,2,24,1,2,23,1,2,23,1,2,24,1,2,24,1,2,22,,1,21,,1,21,,1,21,,1,17,,1,17,,1,16,,1,16,,1,16,,,11,,,11,,,11,,,11,,,11,,,12,,,12,,,12,,,11,,,9,,,9,,,10,,,,10,,,,10,,,10,,,8,,,,7,,,,7,,,7,,,,7,,,,,,,,,,,,,,,,,,,,,,,,,,,,,,,,,
Angicos,,9,,,8,,,8,,,7,,,7,,,7,,,7,,,7,,,7,,,7,,,7,,,8,,,8,,,6,,,5,,,5,,,5,,,5,,,6,,,6,,,5,,,5,,,5,,,5,,,5,,,5,,,5,,,5,,,5,,,5,,,6,,,6,,,6,,,12,,,,12,,,,12,,,11,,,8,,,,8,,,,8,,,8,,,,9,,,1,,,,1,,,,1,,,,1,,,,,,,,,,,,,,,,,,
Antônio Martins,1,5,,,9,,,9,,,9,,,9,,,8,,,5,,,5,,,5,,,5,,,5,,,5,,,5,,,,,,,,,,,,,,,,,,,,,,,,,,,,,,,,,,,,,,,,,,,,,,,,,,,,,,,,,,,,,,,,,,,,,,,,,,,,,,,,,,,,,,,,,,,,,,,,,,,,,,,,,,,,,,,,,,,,,,,,,,,,,
Apodi,54,71,2,38,56,2,37,56,2,37,34,2,35,34,1,36,12,1,36,13,1,22,90,1,22,89,1,22,89,1,21,89,1,15,109,1,15,94,1,11,123,1,11,55,1,8,27,1,7,26,1,7,9,1,7,13,1,7,12,1,7,8,1,5,10,1,5,6,1,5,6,1,5,6,1,5,8,1,5,8,1,4,10,1,3,10,1,3,9,1,2,11,,2,8,,2,7,,1,8,,,1,8,,,1,7,,1,7,,1,3,,,1,3,,,,4,,,4,,,,3,,,,,,,,,,,,,,,,,,,,,,,,,,,,,,,,,
Areia Branca,36,222,3,37,206,1,36,206,1,36,187,1,31,168,1,20,165,1,18,145,,16,135,,16,135,,16,128,,16,124,,11,114,,10,99,,5,74,,5,59,,5,56,,4,58,,4,47,,4,46,,4,45,,4,42,,3,43,,3,28,,3,28,,2,29,,2,29,,2,32,,1,35,,1,37,,1,36,,1,33,,1,26,,1,23,,1,22,,,1,21,,,,18,,,15,,,8,,,,2,,,,2,,,2,,,,4,,,1,,,,1,,,,1,,,,,,,,,,,,,,,,,,,,,,
Arês,2,8,,2,6,,1,9,,1,5,,1,3,,1,4,,1,5,,1,5,,1,6,,1,5,,1,5,,1,5,,1,4,,1,5,,1,5,,1,5,,,6,,,4,,,4,,,4,,,4,,,4,,,2,,,2,,,2,,,2,,,2,,,2,,,2,,,2,,,2,,,,,,,,,,,,,,,,,,,,,,,1,,,,,,,,,,,,,,,,,,,,,,,,,,,,,,,,,,,,,,,,,,,,,,,,
Baía Formosa,1,2,,1,2,,1,5,,1,2,,1,2,,1,3,,1,3,,1,3,,1,3,,1,3,,1,3,,1,2,,1,2,,1,2,,1,2,,1,2,,1,2,,1,1,,1,1,,1,1,,1,1,,1,1,,1,1,,1,1,,1,1,,1,1,,1,1,,1,1,,1,1,,1,1,,1,1,,1,1,,1,1,,,30,,,,30,,,,30,,,29,,,26,,,,2,,,,2,,,2,,,,,,,1,,,,1,,,,1,,,,,,,,,,,,,,,,,,,,,,
Baraúna,6,53,,7,52,,7,52,,7,51,,6,48,,5,45,,6,44,,5,44,,5,41,,5,41,,4,41,,4,41,,4,39,,1,42,,1,39,,1,39,,,40,,,38,,,38,,,38,,,35,,,35,,,33,,,32,,,32,,,32,,,32,,,32,,,32,,,32,,,32,,,32,,,32,,,1,,,,1,,,,2,,,2,,,2,,,,21,,,,21,,,21,,,,21,,,9,,,,2,,,,,,,,,,,,,,,,,,,,,,,,,,
Barcelona,1,1,,1,1,,1,1,,1,1,,1,1,,1,1,,1,1,,1,1,,1,1,,1,1,,1,1,,1,1,,1,1,,1,1,,1,1,,1,1,,1,1,,1,1,,1,1,,1,1,,1,1,,1,2,,1,,,1,,,,1,,,1,,,1,,,1,,,1,,,1,,,1,,,1,,,1,,,,,,,,,,,,,,,,,,,,,2,,,,2,,,2,,,,2,,,2,,,,2,,,,,,,,,,,,,,,,,,,,,,,,,,
Bento Fernandes,2,,,2,2,,2,2,,2,,,2,,,2,,,2,,,2,,,2,,,2,,,2,,,2,,,2,,,2,,,2,,,2,,,2,,,2,,,2,,,2,,,1,,,1,,,,,,,,,,,,,,,,,,,,,,,,,,,,,,,,,,,,,8,,,,8,,,,8,,,8,,,7,,,,,,,,,,,,,,,,,,,,,,,,,,,,,,,,,,,,,,,,,,,,,,,,
Bodó,,11,,,11,,,11,,,11,,,9,,,8,,,8,,,8,,,8,,,8,,,8,,,8,,,8,,,8,,,8,,,8,,,8,,,8,,,8,,,8,,,8,,,8,,,8,,,8,,,8,,,8,,,8,,,8,,,8,,,8,,,8,,,8,,,8,,,,,,,,,,,,,,,,,,,,,6,,,,6,,,7,,,,7,,,3,,,,,,,,,,,,,,,,,,,,,,,,,,,,,,
Bom Jesus,,4,,1,3,,1,3,,1,4,,1,2,,1,2,,1,2,,1,2,,1,2,,1,2,,1,3,,,3,,,3,,,1,,,1,,,1,,,1,,,1,,,1,,,1,,,1,,,1,,,1,,,1,,,1,,,1,,,1,,,1,,,1,,,1,,,1,,,1,,,,,,1,,,,1,,,,1,,,1,,,1,,,,1,,,,1,,,1,,,,1,,,,,,,,,,,,,,,,,,,,,,,,,,,,,,,,,
Brejinho,,3,,1,1,,1,1,,1,1,,1,,,1,1,,1,2,,1,2,,1,3,,1,3,,1,2,,1,1,,,1,,,,,,,,,,,,,,,2,,,1,,,1,,,,,,,,,,,,,,,,,,,,,,,,1,,,1,,,1,,,1,,,1,,,,,,2,,,,2,,,,2,,,2,,,2,,,,1,,,,1,,,1,,,,2,,,2,,,,2,,,,,,,,,,,,,,,,,,,,,,,,,,
Caiçara do Norte,,6,,,6,,,6,,,5,,,5,,,5,,,4,,,2,,,2,,,2,,,2,,,1,,,1,,,1,,,1,,,1,,,1,,,1,,,1,,,1,,,2,,,2,,,2,,,2,,,2,,,2,,,2,,,2,,,2,,,2,,,2,,,2,,,2,,,,,,,,,,,,,,,,,,,,,2,,,,2,,,1,,,,1,,,,,,,,,,,,,,,,,,,,,,,,,,,,,,,,,
Caiçara do Rio do Vento,,3,,,2,,,2,,,2,,,1,,,,,,,,,,,,,,,,,,,,,,,,,,,,,,,,,,,,,,,,,,,,,,,,,,,,,,,,,,,,,,,,,,,,,,,,,,,,,,,,,,,,,,,39,,,,39,,,,40,,1,34,,,28,,,,,,,,,,,,,,,,,,,,,,,,,,,,,,,,,,,,,,,,,,,,,,,,
Caicó,5,204,,4,182,,3,183,,2,163,,2,153,,2,148,,1,145,,1,144,,1,147,,1,147,,1,148,,1,140,,1,131,,1,99,,1,98,,1,98,,1,98,,1,94,,1,51,,,51,,,51,,,51,,,41,,,41,,,41,,,41,,,41,,,41,,,42,,,42,,,43,,,43,,,41,,,1,,,,1,,,,1,,,1,,,1,,,2,15,,,1,15,,,17,,,,3,,,1,,,,1,,,,1,,,,,,,,,,,,,,,,,,,,,,
Campo Grande,1,4,,1,3,,1,2,,,3,,,3,,,2,,,2,,,3,,,2,,,2,,,2,,,2,,,2,,,2,,,2,,,1,,,1,,,1,,,1,,,1,,,1,,,1,,,1,,,1,,,2,,,2,,,2,,,2,,,2,,,1,,,2,,,2,,,2,,1,1,,,1,1,,,1,2,,,3,,,3,,,,1,,,,1,,,1,,,,1,,,1,,,,1,,,,,,,,,,,,,,,,,,,,,,,,,,
Campo Redondo,2,1,,2,1,,2,1,,2,1,,2,1,,1,2,,1,1,,1,1,,1,1,,1,1,,1,1,,1,1,,2,,,1,3,,1,3,,1,3,,1,4,,1,2,,1,2,,,1,,,,,,,,,,,,,,,2,,,2,,,3,,,4,,,4,,,2,,,3,,,2,,,3,,,1,,,,1,,,,1,,,1,,,1,,,,,,,,,,,,,,,,,,,,,,,,,,,,,,,,,,,,,,,,,,,,,,,,
Canguaretama,28,38,5,28,40,5,28,40,5,26,33,4,26,27,4,22,29,4,17,28,4,17,27,4,17,25,4,16,24,3,15,25,3,14,21,3,12,26,3,11,40,3,11,38,3,11,36,3,11,33,3,11,15,3,11,16,3,7,21,2,6,17,2,6,17,1,5,11,1,5,11,1,4,12,1,4,12,1,3,13,,3,13,,,17,,,17,,,17,,,16,,,12,,,12,,,,12,,,,11,,,10,,,8,,,,6,,,,6,,,6,,,,6,,,2,,,,1,,,,,,,,,,,,,,,,,,,,,,,,,,
Caraúbas,4,2,,6,5,,6,7,,6,1,,5,7,,4,7,,4,7,,4,7,,4,7,,2,7,,2,6,,2,6,,2,6,,1,9,,1,8,,1,8,,1,8,,1,6,,1,9,,1,9,,1,7,,1,7,,1,6,,1,6,,1,6,,1,7,,1,7,,1,9,,1,9,,1,9,,1,9,,1,9,,1,9,,1,10,,,1,10,,,1,6,,,6,,,6,,,,4,,,,5,,,5,,,,5,,,2,,,,1,,,,,,,,,,,,,,,,,,,,,,,,,,
Carnaúba dos Dantas,1,9,1,1,6,1,1,6,1,1,6,1,1,6,1,1,6,1,1,4,1,1,4,1,1,4,1,1,4,1,1,4,1,1,4,1,1,5,1,1,5,1,1,3,1,1,3,1,1,3,1,1,3,,1,5,,,6,,,4,,,4,,,2,,,2,,,2,,,2,,,2,,,2,,,2,,,2,,,2,,,2,,,2,,,1,,,,1,,,,1,,,1,,,,,,,,,,,,,,,,,,,,,,,,,,,,,,,,,,,,,,,,,,,,,,,,,,,
Carnaubais,1,11,,1,11,,1,11,,1,11,,1,10,,1,10,,1,10,,1,10,,1,10,,1,10,,1,10,,1,10,,1,10,,1,11,,1,10,,1,10,,1,10,,1,10,,1,10,,1,10,,1,10,,1,10,,1,10,,1,10,,1,10,,1,10,,1,10,,1,10,,,11,,1,11,,1,11,,1,11,,1,10,,1,11,,,1,12,,,1,12,,1,11,,1,10,,,1,9,,,,10,,,10,,,,10,,,2,,,,,,,,,,,,,,,,,,,,,,,,,,,,,,
Ceará-Mirim,13,68,2,15,57,2,15,56,2,14,57,2,14,52,2,14,54,2,12,58,2,12,57,2,12,53,2,12,48,2,12,46,2,12,48,2,11,47,2,11,45,2,10,43,1,10,43,1,10,45,1,10,39,1,9,39,1,8,39,,7,36,,7,36,,7,35,,5,35,,5,36,,5,37,,5,36,,3,42,,3,42,,3,42,,3,43,,3,43,,3,41,,3,42,,,3,41,,,3,37,,2,37,,1,21,,,,8,,,,8,,,7,,,,7,,,2,,,,2,,,,1,,,,1,,,,1,,,,,,,,,,,,,,
Cerro Corá,1,15,1,1,13,1,1,13,1,1,13,1,1,13,1,1,14,1,1,14,1,1,14,1,1,15,1,1,13,1,1,13,1,1,13,1,1,12,1,1,11,1,1,11,1,1,11,1,1,11,1,1,8,1,1,8,1,1,8,1,1,8,1,1,8,1,1,5,1,1,5,1,1,5,1,1,5,1,1,6,1,1,8,1,,8,1,,8,,,9,,,9,,,4,,,4,,,,4,,,,2,,,2,,,1,,,,1,,,,1,,,1,,,,1,,,1,,,,,,,,,,,,,,,,,,,,,,,,,,,,,,
Coronel Ezequiel,,1,,,,,,,,,,,,,,,,,,,,,,,,,,,,,,,,,,,,,,,,,,,,,,,,,,,,,,,,,,,,,,,,,,,,,,,,,,,,,,,,,,,,,,,,,,,,,,,,,,,,,,,,,,,,,,,,,,,,,,,,,,,,,,,,,,,,,,,,,,,,,,,,,,,,,,,,,,,,,,,,,
Coronel João Pessoa,1,2,,1,2,,1,2,,1,2,,1,2,,1,2,,1,2,,1,2,,1,2,,1,2,,1,2,,1,2,,1,2,,1,1,,1,1,,1,1,,1,1,,1,,,1,,,1,,,1,,,1,,,1,,,1,,,1,,,1,,,,1,,,1,,,1,,,1,,,1,,,,,,,,,,,,,,,,,,,,,,,1,,,,2,,,,2,,,2,,,,3,,,,,,,,,,,,,,,,,,,,,,,,,,,,,,,,,
Cruzeta,,7,,,6,,,6,,,5,,,5,,,5,,,5,,,5,,,5,,,5,,,4,,,4,,,5,,,4,,,4,,,4,,,4,,,4,,,3,,,3,,,3,,,3,,,3,,,3,,,3,,,3,,,3,,,3,,,3,,,3,,,3,,,3,,,3,,,2,,,,2,,,,3,,,3,,,2,,,,,,,,2,,,2,,,,2,,,,,,,,,,,,,,,,,,,,,,,,,,,,,,,,,
Currais Novos,7,25,,6,34,,6,34,,6,32,,6,30,,6,29,,6,24,,6,22,,6,22,,6,22,,6,27,,8,24,,5,20,,2,22,,2,21,,2,21,,2,22,,2,16,,2,14,,2,12,,1,13,,1,14,,1,7,,1,7,,1,7,,1,7,,1,9,,,13,,,14,,,16,,,18,,,16,,,12,,,12,,,,11,,,,8,,,5,,,2,,,,,,,,,,,1,,,,1,,,,,,,,,,,,,,,,,,,,,,,,,,,,,,,,,
Doutor Severiano,,,,,,,,,,,,,,,,,,,,,,,,,,,,,,,,,,,,,,,,,,,,,,,,,,,,,,,,,,,,,,,,,,,,,,,,,,,,,,,,,,,,,,,,,,,,1,,,1,,,1,,,1,,,,1,,,,1,,,1,,,1,,,,1,,,,1,,,1,,,,1,,,2,,,,1,,,,1,,,,,,,,,,,,,,,,,,,,,,
Encanto,11,22,2,11,24,2,11,28,2,11,22,2,11,18,1,10,18,1,10,18,1,10,16,1,10,16,1,10,15,1,10,22,1,10,22,1,10,21,1,4,29,1,4,24,1,4,24,1,4,24,1,4,14,1,4,14,1,4,13,1,4,13,1,4,13,1,2,2,1,1,3,1,1,4,,1,4,,1,4,,1,5,,1,5,,1,5,,,7,,,7,,,5,,,5,,,,5,,,,5,,,4,,,,,,,,,,,,,,,,,,,,,,,,,,,,,,,,,,,,,,,,,,,,,,,,,,,
Equador,,1,,,1,,,1,,,1,,,1,,,1,,,1,,,1,,,1,,,1,,,1,,,1,,,2,,,1,,,1,,,1,,,1,,,,,,,,,,,,,,,,,,,,,,,,,,,,,,,,,,,,,,,,,,,,,,,,,,,,,,,1,,,,1,,,1,,,,,,,,,,,,,,,,,,,,,,,,,,,,,,,,,,,,,,,,,,,,,,,,,,,
Espírito Santo,,6,,,5,,,5,,,5,,,4,,,4,,,4,,,3,,,3,,,3,,,3,,,2,,,2,,,2,,,2,,,2,,,2,,,2,,,1,,,1,,,2,,,2,,,,,,1,,,1,,,1,,,2,,,2,,,2,,,2,,,2,,,1,,,1,,,2,,,,2,,,,2,,,1,,,1,,,,1,,,,1,,,1,,,,1,,,1,,,,1,,,,,,,,,,,,,,,,,,,,,,,,,,
Extremoz,32,86,,31,84,,31,81,,28,65,,26,59,,25,59,,21,57,,20,52,,17,53,,17,53,,15,47,,15,42,,12,44,,11,45,,10,45,,9,44,,9,44,,9,24,,8,22,,6,22,,6,18,,6,18,,5,13,,5,14,,5,15,,5,15,,5,16,,6,23,,6,25,,5,25,,5,27,,5,27,,5,26,,5,24,,,5,22,,,5,22,,,24,,,17,,,,7,,,,7,,,8,,,,8,,,2,,,,2,,,,1,,,,,,,,,,,,,,,,,,,,,,
Felipe Guerra,7,4,,6,5,,6,5,,6,4,,4,4,,1,4,,1,4,,,5,,,6,,,6,,,5,,,5,,,5,,,8,,,8,,,6,,,6,,,4,,,4,,,4,,,4,,,4,,,3,,,3,,,3,,,3,,,3,,,3,,,3,,,3,,,3,,,3,,,3,,,3,,,,3,,,,4,,,4,,,4,,,,3,,,,3,,,3,,,,1,,,4,,,,,,,,,,,,,,,,,,,,,,,,,,,,,,
Fernando Pedroza,1,5,,1,5,,1,5,,1,5,,1,5,,1,5,,1,2,,1,2,,1,2,,1,2,,1,2,,1,2,,1,2,,1,1,,1,1,,1,1,,1,1,,1,1,,1,1,,,2,,,1,,,1,,,1,,,1,,,1,,,1,,,1,,,1,,,1,,,1,,,1,,,1,,,1,,,2,,,,2,,,,2,,,2,,,1,,,,1,,,,1,,,1,,,,1,,,,,,,,,,,,,,,,,,,,,,,,,,,,,,,,,
Florânia,,14,,,12,,,11,,,11,,,8,,,4,,,3,,,3,,,3,,,3,,,2,,,2,,,2,,,2,,,2,,,2,,,2,,,2,,,2,,,2,,,2,,,2,,,2,,,2,,,2,,,2,,,3,,,5,,,3,,,3,,,4,,,2,,,2,,,1,,,,1,,,,1,,,1,,,,,,,,,,,,,,2,,,,2,,,1,,,,1,,,,,,,,,,,,,,,,,,,,,,,,,,
Francisco Dantas,,6,,,7,,,7,,,5,,,5,,,3,,,2,,,2,,,2,,,2,,,2,,,2,,,2,,,2,,,2,,,2,,,2,,,2,,,,,,,,,,,,,,,,,,,,,,,,,,,,,,1,,,1,,,1,,,1,,,1,,,1,,,1,,,,1,,,,1,,,1,,,,,,,,,,,,,,,,,,,,,,,,,,,,,,,,,,,,,,,,,,,,,,,,,,,
Frutuoso Gomes,,1,,,1,,,1,,,,,,,,,,,,,,,,,,,,,,,,,,,,,,,,,,,,,,,,,,,,,,,,,,,,,,,,,,,,,,,,,,,,,,,,,,,,,,,,,,,,,,,,,,,,,,,,,,,,,1,,,1,,,1,,,,,,,,,,,,,,,1,,,1,,,,1,,,,1,,,,1,,,,1,,,,,1,,,1,1,,,,,
Galinhos,,,,,,,,,,,,,,,,,,,,3,,,3,,,3,,,3,,,2,,,,,,,,,,,,,,,,,,,,,,,,,,,,,,,,,,,,,,,,,,,,,,,,,,,,,,,,,,,,,,,,,,,,,,,,,,,,,,,,,,,,,,,,,,,,,,,,,,,,,,,,,,,,,,,,,,,,,,,,,,,,,,,,,,,
Goianinha,2,53,,2,52,,2,52,,2,20,,1,48,,1,46,,,44,,,39,,,39,,,39,,,39,,,38,,,36,,,37,,,36,,,36,,,36,,,26,,,21,,,21,,,21,,,21,,,18,,,18,,,18,,,18,,,18,,,18,,,18,,,18,,,18,,,18,,,18,,,18,,,,18,,,,16,,,16,,,15,,,,3,,,,3,,,3,,,,2,,,1,,,,1,,,,1,,,,,,,,,,,,,1,,,,,,,,,
Governador Dix-Sept Rosado,,20,,,22,,,22,,,20,,,18,,,17,,,18,,,17,,,17,,,16,,,16,,,16,,,16,,,17,,,17,,,14,,,12,,,11,,,11,,,11,,,11,,,11,,,9,,,9,,,9,,,9,,,10,,,10,,,11,,,11,,,10,,,10,,,10,,,10,,,,10,,,,10,,,10,,,7,,,,4,,,,4,,,4,,,,4,,,3,,,,,,,,,,,,,,,,,,,,,,,,,,,,,,
Grossos,5,14,,4,10,1,3,10,1,3,10,1,2,9,,1,10,,1,7,,,5,,,5,,,5,,,5,,,5,,,6,,,6,,,6,,,5,,,6,,,5,,,3,,,3,,,3,,,3,,,2,,,2,,,2,,,2,,,2,,,3,,,3,,,3,,,3,,,3,,,3,,,3,,,,3,,,,3,,,2,,,2,,,,1,,,,1,,,1,,,,,,,,,,,,,,,,,,,,,,,,,,,,,,,,,,,,,
Guamaré,10,36,,10,37,,10,37,,10,67,,9,35,,6,30,,6,30,,5,30,,5,29,,4,25,,4,25,,4,24,,2,21,,1,26,,1,26,,1,26,,,23,,,20,,,20,,,20,,,21,,,21,,,21,,,21,,,21,,,21,,,22,,,22,,,24,,,24,,,24,,,24,,,23,,,26,,,,26,,,,26,,,27,,,24,,,,21,,,,23,,,24,,,,24,,,6,,,,3,,,,3,,,,,,,,,,,,,,,,,,,,,,
Ielmo Marinho,,,,,,,,,,,,,,,,,,,,,,,,,,,,,,,,,,,,,,,,1,1,,1,1,,1,1,,1,1,,1,,,1,,,1,,,1,,,1,,,,,,,,,,,,,,,,,,,,,,,,,1,,,1,,,1,,,1,,,,,,,,,,,,,,,,,,,,,,,,,,,,,,,,,,,,,,,,,,,,,,,,,,,,,,,,,,,,,,,,,
Ipanguaçu,12,9,3,11,11,2,11,10,2,11,9,2,10,8,2,10,9,2,9,8,1,9,9,1,9,8,1,9,8,1,9,8,1,8,8,1,8,5,1,4,19,1,4,17,1,4,17,1,4,2,1,2,3,1,2,5,1,2,6,,2,1,,2,1,,1,,,1,,,,,,,,,,,,,1,,,1,,,2,,,2,,,2,,,2,,,1,,,,1,,,,1,,,1,,,1,,,,1,,,,1,,,1,,,,1,,,,,,,,,,,,,,,,,,,,,,,,,,,,,,,,,
Ipueira,,7,,,7,,,7,,,6,,,6,,,6,,,6,,,6,,,6,,,5,,,5,,,5,,,5,,,4,,,4,,,4,,,4,,,4,,,4,,,4,,,4,,,4,,,2,,,2,,,2,,,2,,,2,,,2,,,2,,,2,,,3,,,3,,,2,,,2,,,,2,,,,2,,,2,,,2,,,,2,,,,2,,,3,,,,2,,,2,,,,,,,,,,,,,,,,,,,,,,,,,,,,,,
Itajá,3,6,,4,6,,4,6,,4,6,,3,6,,3,5,,3,5,,3,2,,3,1,,3,1,,2,2,,1,3,,1,3,,1,2,,,1,,,1,,,,,,,,,,,,,,,,,,,,,,,,,,,,,,,,,1,,,1,,,1,,,1,,,1,,,1,,,,,,1,,,,1,,,,2,,,2,,,2,,,,2,,,,2,,,2,,,,2,,,,,,,,,,,,,,,,,,,,,,,,,,,,,,,,,
Itaú,,2,,,2,,,2,,,2,,,2,,,1,,,,,,,,,,,,,,,,,,,,,,,,,,,,,,,,,,,,,,,,,,,,,,,,,,,,,,,,,,,,,,,,,,,,,,,,,,,,,,,,,,,,,,,,,,,,,,,,,,,,,,,,,,,,,,,,,,,,,,,,,,,,,,,,,,,,,,,,,,,,,,,,,,
Jaçanã,3,2,,3,2,,3,2,,3,1,,3,1,,3,1,,3,1,,3,1,,3,1,,3,1,,3,2,,3,2,,3,1,,3,1,,2,2,,2,2,,2,2,,2,1,,2,1,,1,2,,1,,,1,,,1,,,,,,,,,,,,,,,,,,,1,,,1,,,1,,,1,,,1,,,2,,,,2,,,,3,,,2,,,2,,,,,,,,,,,,,,,,,,,,,,,,,,,,,,,,,,,,,,,,,,,,,,,,
Jandaíra,,2,,,1,,,1,,,1,,,1,,,1,,,1,,,1,,,1,,,1,,,1,,,1,,,1,,,1,,,1,,,1,,,1,,,1,,,1,,,1,,,1,,,1,,,1,,,1,,,1,,,1,,,1,,,1,,,2,,,2,,,2,,,2,,,2,,,2,,,,2,,,,2,,,1,,,1,,,,,,,,,,,,,,,,,,,,,,,,,,,,,,,,,,,,,,,,,,,,,,,,
Janduís,,2,,,1,,,1,,,2,,,2,,,2,,,2,,,2,,,2,,,1,,,1,,,1,,,1,,,1,,,1,,,1,,,1,,,1,,,1,,,1,,,1,,,1,,,,,,,,,,,,,,,,,,,,,,,,,,,,,,,,,,,,,,,,,,,,,,,,,,,,,,,,,,,,,,,,,,,,,,,,,,,,,,,,,,,,,,,,,,,,,,,,,,
Januário Cicco,1,7,,1,8,,1,8,,1,8,,1,8,,,8,,,8,,,8,,,7,,,7,,,7,,,7,,,7,,,7,,,7,,,7,,,8,,,8,,1,7,,1,5,,1,5,,1,5,,1,4,,1,4,,1,4,,1,4,,1,4,,1,4,,1,4,,,4,,,4,,,5,,,5,,,5,,,,2,,,,2,,,2,,,2,,,,1,,,,1,,,1,,,,1,,,1,,,,,,,,,,,,,,,,,,,,,,,,,,,,,,
Japi,,3,,,2,,,2,,,2,,,,,,,,,,,,,,,,,,,,,1,,,1,,,,,,,,,,,,,,,,,,,,,,,,,,,,,,,,,,,,,,,,,,,,,,,,,,,,,,,,,,,,,,,,,,,,,,,,,,1,,,1,,,1,,,,,,,,,,,,,,,,,,,,,,,,,,,,,,,,,,,,,,,,,,,,,,,,
Jardim de Angicos,,,,,,,,,,,,,,,,,,,,,,,,,,,,,,,,,,,,,,,,,,,,,,,,,,,,,,,,,,,,,,,,,,,,,,,,,,,,,,,,,,,,,,,,,,,,,,,,,,,,,,,,,,,,,,,,,,,,,,,,,,,,,,,,,,,,,,,,,,,,,,,,,,,,,,,,,,,,,,,,,,,
Jardim de Piranhas,,10,,,10,,,10,,,9,,,7,,,7,,,7,,,7,,,7,,,7,,,7,,,7,,,9,,,6,,,6,,,6,,,6,,,6,,,6,,,6,,,6,,,6,,,3,,,3,,,3,,,3,,,3,,,3,,,3,,,3,,,3,,,3,,,3,,,4,,,,4,,,,3,,,3,,,3,,,,,,,,,,,,,,,,,,,,,,,,,,,,,,,,,,,,,,,,,,,,,,,,
Jardim do Seridó,,10,,,11,,,10,,,10,,,5,,,5,,,4,,,4,,,4,,,4,,,3,,,3,,,3,,,3,,,3,,,3,,,3,,,3,,,3,,,3,,,3,,,3,,,2,,,2,,,2,,,2,,,2,,,2,,,2,,,2,,,2,,,2,,,2,,,3,,,,3,,,,4,,,4,,,4,,,,4,,,,4,,,4,,,,3,,,1,,,,1,,,,,,,,,,,,,,,,,,,,,,,,,,
João Câmara,3,7,,3,5,,3,5,,3,5,,3,3,,3,5,,3,5,,3,5,,3,5,,3,5,,3,4,,2,3,,2,5,,2,9,,1,5,,1,5,,1,5,,1,3,,,2,,,2,,,2,,,2,,,3,,,3,,,3,,,3,,,3,,,3,,,3,,,3,,,3,,,3,,,3,,,3,,,,3,,,,3,,,3,,,2,,,,3,,,,3,,,3,,,,3,,,2,,,,1,,,,1,,,,,,,,,,,,,,,,,,,,,,
João Dias,,2,,,2,,,2,,,2,,,2,,,2,,,2,,,2,,,2,,,2,,,2,,,1,,,1,,,2,,,,,,,,,,,,1,,,,,,,,,,,,,,,,,,,,,,,,,,,,,,,,,,,,,,,,,,,,,,,,,,,,,,,,,,,,,,,,,,,,,,,,,,,,,,,,,,,,,,,,,,,,,,,,,,,,,,,,,,,,,,
José da Penha,,3,,,3,,,3,,,3,,,3,,,3,,,3,,,3,,,3,,,3,,,3,,,3,,,3,,,3,,,3,,,3,,,3,,,3,,,3,,,3,,,3,,,3,,,3,,,3,,,3,,,3,,,3,,,3,,,3,,,3,,,3,,,3,,,1,,,1,,,,1,,,,1,,,,,,,,,,,,,,,,,,,,,,,,,,,,,,,,,,,,,,,,,,,,,,,,,,,,,,
Jucurutu,,15,,,15,,,14,,,13,,,10,,,7,,,8,,,7,,,7,,,6,,,6,,,7,,,7,,,9,,,9,,,9,,,9,,,7,,,5,,,5,,,5,,,5,,,6,,,6,,,6,,,6,,,6,,,7,,,7,,,7,,,9,,,9,,,9,,,7,,,,7,,,,7,,,6,,,4,,,,3,,,,3,,,3,,,,3,,,3,,,,,,,,,,,,,,,,,,,,,,,,,,,,,,
Jundiá,,1,,,1,,,1,,,1,,,1,,,1,,,1,,,1,,,1,,,1,,,1,,,1,,,1,,,1,,,1,,,1,,,1,,,1,,,1,,,1,,,1,,,1,,,1,,,1,,,1,,,1,,,1,,,1,,,1,,,1,,,2,,,2,,,2,,,2,,,,2,,,,2,,,2,,,1,,,,1,,,,1,,,1,,,,2,,,2,,,,2,,,,,,,,,,,,,,,,,,,,,,,,,,
Lagoa d'Anta,,2,,,3,,,3,,,3,,,3,,,3,,,3,,,3,,,3,,,3,,,3,,,3,,,3,,,3,,,3,,,1,,,1,,,1,,,2,,,2,,,1,,,1,,,1,,,1,,,1,,,1,,,1,,,2,,,2,,,2,,,2,,,1,,,1,,,1,,,,1,,,,1,,,1,,,1,,,,2,,,,2,,,2,,,,2,,,1,,,,,,,,1,,,,,,,,,,,,,,,,,,,,,,
Lagoa de Pedras,1,5,1,1,5,1,1,5,1,1,4,1,1,3,1,1,3,1,1,4,1,1,4,1,1,4,1,1,4,1,1,4,1,1,4,1,1,4,1,1,4,1,1,4,1,1,3,1,1,3,1,1,2,1,1,2,1,1,2,1,1,2,1,1,2,1,1,2,1,1,2,1,1,2,1,1,2,1,1,2,1,1,2,1,,3,1,,3,,,3,,,3,,,3,,,3,,,,3,,,,2,,,,,,1,,,,,,,,,,,,,,,,,,,,,,,,,,,,,,,,,,,,,,,,,,,,,,,,
Lagoa de Velhos,,1,,,2,,,2,,,1,,,1,,,2,,,2,,,1,,,1,,,1,,,1,,,1,,,1,,,1,,,1,,,1,,,1,,,1,,,1,,,1,,,1,,,1,,,1,,,1,,,1,,,1,,,1,,,1,,,1,,,1,,,1,,,1,,,1,,,1,,,,1,,,,1,,,1,,,1,,,,1,,,,1,,,1,,,,1,,,1,,,,,,,,,,,,,,,,,,,,,,,,,,,,,,
Lagoa Nova,,7,,,7,,,7,,,6,,,6,,,6,,,6,,,6,,,5,,,5,,,5,,,5,,,5,,,5,,,5,,,5,,,5,,,5,,,5,,,5,,,5,,,5,,,5,,,5,,,5,,,5,,,5,,,6,,,6,,,6,,,6,,,6,,,6,,,6,,,,6,,,,6,,,6,,,5,,,,,,,,,,,,,,,,,,,,,,,,,,,,,,,,,,,,,,,,,,,,,,,,
Lagoa Salgada,2,3,,1,4,,1,4,,1,4,,1,2,,1,1,,1,2,,1,2,,1,2,,1,2,,2,2,,1,6,,1,5,,,5,,,3,,,3,,,1,,,1,,,1,,,1,,,1,,,1,,,,,,1,,,,,,,,,,,,,,,,,,1,,,1,,,1,,,1,,,1,,,,1,,,,2,,,2,,,2,,,,1,,,,1,,,1,,,,1,,,,,,,,,,,,,,,,,,,,,,,,,,,,,,,,,
Lajes,1,5,,1,4,,1,4,,1,5,,1,5,,1,4,,,2,,,2,,,2,,,2,,,2,,,2,,,2,,,4,,,5,,,4,,,5,,,2,,,4,,,3,,,2,,,2,,,1,,,1,,,1,,,1,,,2,,,2,,,2,,,2,,,2,,,1,,,1,,,,,,,,,,,,,,,,,,,,,2,,,,2,,,2,,,,2,,,3,,,,,,,,,,,,,,,,,,,,,,,,,,,,,,
Lajes Pintadas,5,2,,4,3,,4,3,,4,,,4,,,3,1,,2,1,,2,1,,2,2,,2,2,,2,2,,2,1,,2,1,,2,1,,2,1,,2,1,,1,2,,1,1,,1,1,,1,1,,1,,,1,,,,,,,,,,,,,,,,,,,,,,,,,,,,,,,,,,,,,,,,,,,,,,,,,,,,,,,,,,,,,,,,,,,,,,,,,,,,,,,,,,,,,,,,,,,,,,,,,,,
Lucrécia,,2,,,2,,,2,,,1,,,1,,,2,,,2,,,2,,,2,,,1,,,1,,,1,,,1,,,1,,,1,,,1,,,1,,,1,,,1,,,1,,,1,,,1,,,1,,,1,,,1,,,1,,,1,,,1,,,1,,,1,,,1,,,1,,,1,,,1,,,,1,,,,1,,,1,,,1,,,,1,,,,1,,,1,,,,,,,,,,,,,,,,,,,,,,,,,,,,,,,,,,,,,
Luís Gomes,1,1,,1,1,,1,1,,1,1,,1,1,,1,1,,1,2,,1,2,,1,2,,1,2,,1,2,,1,1,,1,1,,1,1,,1,1,,1,1,,1,1,,1,1,,1,1,,1,1,,1,1,,1,1,,1,1,,1,1,,1,1,,1,1,,1,2,,1,2,,1,2,,1,2,,1,2,,1,2,,1,2,,1,1,,,1,1,,,1,1,,1,,,1,,,,1,,,,,1,,,1,,,,1,,,,,,,,,,,,,,,,,,,,,,,,,,,,,,,,,
Macaíba,31,188,3,26,156,3,26,154,3,25,154,3,21,140,3,20,131,2,20,107,2,19,106,2,16,108,2,16,106,2,16,106,1,17,103,1,15,105,1,16,72,1,15,70,1,15,70,1,11,75,,10,65,,11,57,,11,55,,10,51,,10,51,,8,47,,6,47,,6,49,,6,50,,7,53,,4,59,,3,62,,2,63,,2,64,,2,47,,2,45,,2,40,,,2,37,,,1,33,,1,33,,1,24,,,1,20,,,1,20,,,23,,,,21,,,3,,,,2,,,,2,,,,,,,,,,,,,,,,,,,,,,
Macau,1,27,,1,20,,1,20,,1,20,,,19,,,16,,,15,,,14,,,14,,,14,,,14,,,13,,,13,,,10,,,8,,,8,,,10,,,9,,,8,,,8,,,8,,,8,,,8,,,9,,,5,,,5,,,8,,,8,,,9,,,9,,,9,,,9,,,7,,,5,,,,5,,,,7,,,7,,,7,,,,3,,,,3,,,3,,,,2,,,2,,,,1,,,,,,,,,,,,,,,,,,,,,,,,,,
Major Sales,,,,,,,,,,,,,,,,,,,,,,,,,,,,,,,,,,,,,,,,,,,,,,,,,,,,,,,,,,,,,,,,,,,,,,,,,,,,,,,,,,,,,,,,,,,,,,,,,,,,,,,,,,,,,,,,,,,,,,,1,,,,1,,,1,,,,1,,,,,,,,,,,,,,,,,,,,,,,,,,,,,,,,,
Marcelino Vieira,,2,,,2,,,2,,,2,,,2,,,2,,,2,,,2,,,2,,,2,,,2,,,2,,,2,,,2,,,2,,,2,,,2,,,2,,,2,,,2,,,2,,,2,,,1,,,1,,,1,,,1,,,1,,,2,,,2,,,2,,,2,,,2,,,2,,,2,,,,2,,,,2,,,2,,,3,,,,3,,,,3,,,3,,,,1,,,,,,,,,,,,,,,,,,,,,,,,,,,,,,,,,
Martins,,2,,,2,,,2,,,2,,,2,,,2,,,1,,,1,,,1,,,1,,,1,,,,,,,,,,,,,,,,,,,,,,,,,,,,,,,,,,,,,,,,,,,,,,,,,,,,,,,,,,,,,,,,,,,,,,,,,,,,,,,,,,,1,,,,,,,,,,,,,,,,,,,,,,,,,,,,,,,,,,,,,,,,,,,,,,,,
Maxaranguape,1,1,,1,2,,1,2,,1,1,,1,2,,1,2,,1,2,,1,3,,1,2,,,2,,,3,,,1,,,,,,,,,,,,,,,,,,,,,,,,,,,,,,,,,,,,,,,,,,,,,,,,,,,,,,,,,,,,,,,,,,,,,,,,,,,,,,,,,,,,,,,,1,,,1,,,,1,,,,,,,,,,,,,,,,,,,,,,,,,,,,,,,,,
Messias Targino,,,,,,,,,,,,,,,,,,,,,,,,,,,,,,,,,,,,,,,,,,,,,,,,,,,,,,,,,,,,,,,,,,,,,,,,,,,,,,,,,,,,,,,,,,,,,,,,,,,,,,,,,,,,,,,,,,,,,,,,,,,,,,,,,,,,,,,,,,,,,,,,,,,,,,,,,,,,,,,,,,,
Montanhas,,14,,2,7,1,2,7,1,2,7,1,2,7,1,2,7,1,2,1,1,2,,,1,2,,1,4,,1,8,,1,5,,1,5,,1,5,,1,5,,1,5,,1,5,,,6,,,4,,,4,,,4,,,4,,,3,,,3,,,3,,,3,,,3,,,4,,,5,,,6,,,6,,,6,,,6,,,7,,,,7,,,,8,,,8,,,5,,,,4,,,,4,,,4,,,,4,,,1,,,,,,,,,,,,,,,,,,,,,,,,,,,,,,
Monte Alegre,8,15,,8,12,,8,12,,8,9,,7,10,,7,5,,7,4,,7,4,,6,5,,6,3,,5,4,,4,3,,4,4,,4,5,,4,3,,4,3,,4,3,,4,2,,4,1,,3,2,,3,1,,3,1,,2,2,,2,2,,2,2,,2,2,,1,3,,1,3,,1,7,,1,7,,1,7,,1,8,,1,7,,1,4,,,1,4,,,1,4,,1,4,,1,2,,,1,,,,1,,,,1,,,,1,,,1,,,,1,,,,,,,,,,,,,,,,,,,,,,,,,,
Monte das Gameleiras,,3,,,3,,,3,,,3,,,3,,,3,,,3,,,3,,,3,,,3,,,3,,,3,,,3,,,3,,,3,,,3,,,3,,,3,,,3,,,3,,,3,,,3,,,3,,,3,,,3,,,3,,,3,,,3,,,3,,,3,,,3,,,3,,,3,,,3,,,,3,,,,3,,,3,,,2,,,,2,,,,2,,,2,,,,2,,,2,,,,,,,,,,,,,,,,,,,,,,,,,,,,,,
Mossoró,293,558,21,299,478,20,296,465,20,286,401,20,281,348,19,262,335,18,254,275,18,197,318,16,191,305,16,190,299,15,184,287,14,174,274,14,164,276,13,117,294,11,112,271,10,112,249,10,111,214,9,110,181,9,106,170,8,106,165,8,105,141,8,104,146,8,92,123,8,89,122,8,84,124,8,84,125,6,79,137,6,77,156,6,67,179,6,65,183,6,63,189,5,63,185,5,63,166,5,63,140,3,3,59,133,3,3,43,141,3,21,148,1,20,138,1,1,16,131,1,1,16,132,1,5,142,,,2,151,,1,90,,,1,59,,,,14,,,,5,,,,3,,,,,2,,,2,2,,,,,
Natal,906,3796,21,873,3432,19,872,3382,19,825,3198,19,802,2967,16,767,2897,15,710,2736,16,686,2577,13,677,2564,12,667,2513,12,631,2481,12,567,2518,12,519,2450,12,402,2382,11,396,2136,10,397,2097,9,370,2079,9,359,1797,9,335,1715,8,304,1726,7,283,1549,6,279,1561,6,236,1234,5,204,1242,5,172,1272,5,171,1279,5,159,1350,5,145,1498,5,137,1556,4,131,1554,3,117,1569,3,116,1500,3,112,1405,3,116,1291,2,2,113,1253,2,1,77,1203,1,56,1126,1,48,930,1,,36,501,,,34,504,,19,569,,,13,532,,9,200,,,9,123,,,5,73,,,1,47,,,1,20,,,,1,9,,,8,9,3,2,3,4,5
Nísia Floresta,9,13,1,8,10,1,8,8,1,7,7,1,7,6,1,7,7,1,7,5,1,7,3,1,7,6,1,7,6,1,7,7,1,8,8,1,5,7,1,5,9,1,5,7,1,5,6,1,5,6,1,3,2,,1,3,,1,3,,1,3,,1,3,,1,2,,1,2,,1,2,,1,2,,1,2,,,3,,,5,,,6,,,6,,,6,,,6,,,6,,,,6,,,,7,,,5,,,4,,,,3,,,,3,,,3,,,,3,,,3,,,,3,,,,3,,,,2,,,,2,,,,,,,,,,,,,,
Nova Cruz,4,6,,4,5,,4,5,,4,5,,2,3,,2,3,,2,2,,2,2,,2,2,,2,2,,2,2,,2,2,,2,2,,,3,,,2,,,2,,,2,,,1,,,1,,,1,,,1,,,1,,,1,,,1,,,1,,,1,,,2,,,2,,,2,,,2,,,2,,,2,,,1,,,4,,,,4,,,,5,,,5,,,2,,,,2,,,,2,,,2,,,,5,,,1,,,,1,,,,,,,,,,,,,,,,,,,,,,,,,,
Olho-d'Água do Borges,,,,,,,,,,,,,,,,,,,,,,,1,,,1,,,1,,,1,,,1,,,1,,,5,,,1,,,1,,,1,,,1,,,1,,,1,,,1,,,1,,,1,,,1,,,1,,,1,,,1,,,1,,,1,,,1,,,1,,,1,,,1,,,1,,,,1,,,,1,,,1,,,1,,,,1,,,,1,,,1,,,,1,,,,,,,,,,,,,,,,,,,,,,,,,,,,,,,,,
Ouro Branco,1,2,,1,1,,1,1,,1,1,,1,1,,1,2,,1,2,,1,2,,1,1,,1,1,,1,1,,1,1,,1,1,,1,2,,1,2,,1,2,,,3,,,1,,,1,,,1,,,1,,,1,,,1,,,1,,,1,,,1,,,2,,,2,,,2,,,2,,,2,,,2,,,2,,,1,,,,1,,,,1,,,1,,,1,,,,,,,,,,,,,,,,,,,,,,,,,,,,,,,,,,,,,,,,,,,,,,,,
Paraná,,3,,,3,,,2,,,2,,,2,,,1,,,1,,,1,,,1,,,1,,,1,,,1,,,1,,,1,,,1,,,1,,,1,,,1,,,1,,,1,,,1,,,1,,,,,,,,,,,,,,,,,,,,,,,,,,,,,,,,,,,,,,,,,,,,,,,,,,,,,,,,,,,,,,,,,,,,,,,,,,,,,,,,,,,,,,,,,,,,,,,,,,
Paraú,2,7,,2,9,,2,9,,1,7,,1,7,,1,7,,,7,,,7,,,7,,,7,,,6,,,6,,,6,,,6,,,6,,,6,,,6,,,6,,,6,,,6,,,6,,,6,,,6,,,6,,,6,,,6,,,7,,,9,,,9,,,9,,,8,,,8,,,8,,,8,,,,8,,,,,,,,,,,,,,,,,,,,,,,,,,,,,,,,,,,,,,,,,,,,,,,,,,,,,,,,,,
Parazinho,,3,,1,1,,1,1,,1,1,,,,,,,,,,,,,,,,,,,,,,,,,,,,,,,,,,,,,,,,,,,,,,,,,,,,,,,,,,,,,,,,,,,,,,,,,,,,,,,,,,,,,,,,,,,,,,,,,,,,,,,,,,,,,,,,,,,,,,,,,,,,,,,,,,,,,,,,,,,,,,,,,,,,,,,,
Parelhas,,37,,1,34,,1,33,,1,32,,1,26,,1,24,,1,23,,1,22,,1,22,,1,21,,1,21,,,20,,,19,,,16,,,13,,,13,,,13,,,13,,,12,,,13,,,12,,,12,,,9,,,9,,,9,,,9,,,11,,,12,,,11,,,11,,,11,,,10,,,9,,,6,,,,7,,,,6,,,6,,,5,,,,3,,,,3,,,3,,,,3,,,4,,,,2,,,,,,,,,,,,,,,,,,,,,,,,,,
Parnamirim,181,677,6,175,609,5,174,603,5,162,580,5,152,539,4,152,508,5,140,478,4,137,451,4,136,448,4,133,448,4,123,446,4,116,434,4,107,428,3,97,412,1,94,384,1,94,373,1,93,370,1,92,310,1,81,264,1,73,269,,70,226,,67,229,,61,180,,57,182,,43,186,,43,187,,41,205,,39,250,,33,267,,31,269,,32,276,,30,271,,30,254,,28,248,,,27,240,,,17,224,,13,199,,11,171,,,10,76,,,9,77,,4,81,,,4,83,,4,29,,,3,20,,,1,16,,,,13,,,,5,,,,,4,,,2,2,1,2,1,1,1
Passa e Fica,1,2,,1,,,1,,,1,,,1,,,1,1,,1,2,,1,2,,1,2,,1,1,,1,1,,1,,,1,,,1,1,,1,1,,1,,,1,,,1,,,1,,,1,,,1,,,1,,,1,,,1,,,1,,,1,,,1,,,1,1,,1,1,,1,1,,1,1,,1,1,,1,1,,1,1,,,1,1,,,1,1,,1,,,1,,,,1,,,,1,,,,,,,,1,,,,,,,,,,,,,,,,,,,,,,,,,,,,,,,,,
Passagem,,1,,,1,,,1,,,1,,,1,,,1,,,1,,,1,,,1,,,1,,,1,,,1,,,1,,,1,,,,,,,,,,,,,,,,,,,,,,,,,,,,,,,,,,,,,,,,,,2,,,2,,,2,,,2,,,2,,,2,,,2,,,,2,,,,2,,,2,,,2,,,,2,,,,2,,,2,,,,2,,,,,,,,,,,,,,,,,,,,,,,,,,,,,,,,,
Patu,,3,,,4,,,4,,,3,,,3,,,4,,,4,,,5,,,5,,,5,,,5,,,4,,,3,,,3,,,3,,,3,,,3,,,2,,,2,,,2,,,2,,,2,,,2,,,3,,,3,,,3,,,3,,,3,,,3,,,3,,,3,,,3,,,3,,,2,,,,2,,,,2,,,2,,,2,,,,2,,,,2,,,2,,,,2,,,2,,,,2,,,,,,,,,,,,,,,,,,,,,,,,,,
Pau dos Ferros,9,39,,9,34,,9,34,,9,32,,9,29,,8,28,,8,25,,7,23,,7,26,,7,26,,7,27,,7,25,,5,24,,3,28,,3,19,,3,19,,3,19,,3,16,,3,12,,2,11,,1,13,,1,13,,1,5,,1,4,,1,4,,1,4,,1,4,,,8,,,10,,,11,,,11,,,11,,,9,,,6,,,,5,,,,9,,,7,,,9,,,,5,,,,5,,,5,,,,4,,,1,,,,,,,,,,,,,,,,,,,,,,,,,,,,,,
Pedra Grande,1,2,,2,,,2,,,1,,,1,,,1,,,1,,,1,,,,,,,,,,,,,,,,,,,,,,,,,,,,,,,,,,,,,,,,,,,,,,,,,,,,,,,,,,,,,,,,,,,,,,,,,,,,,,,,,,,,,,,,,,,,,,,,,,,,,,,,,,,,,,,,,,,,,,,,,,,,,,,,,,,,,,,,,,,,,
Pedra Preta,,,,,,,,,,,,,,,,,,,,,,,,,,,,,,,,,,,,,,,,,,,,,,,,,,,,,,,,,,,,,,,,,,,,,,,,,,,,,,,,,,,,,,,,,,,,1,,,1,,,1,,,1,,,,1,,,,1,,,1,,,,,,,,,,,,,,,,,,,,,,,,,,,,,,,,,,,,,,,,,,,,,,,,,,,
Pedro Avelino,,5,,,3,,,3,,,3,,,1,,,,,,1,,,1,,,1,,,1,,,,,,,,,,,,,,,,,,,,,,,,,,,,,,,,,,,,,,,,,,,,,,,,,,,,,,2,,,2,,,2,,,2,,,2,,,2,,,,,,,,,,,2,,,1,,,,,,,,,,,,,,,,,,,,,,,,,,,,,,,,,,,,,,,,,,,,,,,,,,,
Pedro Velho,1,4,,1,4,,1,4,,1,4,,1,4,,1,4,,,4,,,4,,,4,,,5,,,5,,,4,,,5,,,6,,,5,,,5,,,2,,,2,,,2,,,2,,,2,,,2,,,2,,,2,,,2,,,2,,,2,,,2,,,4,,,4,,,4,,,4,,,4,,,4,,,,4,,,,5,,,3,,,3,,,,1,,,,1,,,2,,,,2,,,2,,,,,,,,,,,,,,,,,,,,,,,,,,,,,,
Pendências,4,9,,4,8,,4,8,,3,5,,1,5,,1,4,,1,4,,1,2,,1,2,,1,2,,1,2,,1,1,,,1,,,1,,,2,,,2,,,2,,,,,,1,,,,,,,,,,,,,,,,,,,,,,,,,,,,,,,,,,,,,,,,,,,,,1,,,,1,,,,2,,,2,,,2,,,,1,,,,1,,,1,,,,1,,,,,,,,,,,,,,,1,,,,,,,,,,,,,,,,,,
Pilões,2,,,2,,,2,,,2,,,1,,,1,,,1,,,1,,,1,,,1,,,,1,,,1,,,1,,,1,,,1,,,1,,,1,,,2,,,1,,,,,,,,,,,,,,,,,,,,,,,,,,,,,,,,,,,,,,,,,,,,,1,,,,1,,,,1,,,1,,,1,,,,1,,,,1,,,1,,,,1,,,1,,,,,,,,,,,,,,,,,,,,,,,,,,,,,,
Poço Branco,2,1,,1,2,,1,2,,1,2,,1,2,,1,2,,1,1,,1,,,1,,,1,,,1,1,,1,1,,1,3,,1,8,,1,6,,1,5,,1,4,,1,1,,1,4,,1,5,,1,1,,1,1,,1,,,,,,,,,,,,,,,,,,,,,,,,,1,,,1,,,1,,,,,,,,,,,,,,,,,,,,,,,,,,,,,,,,,,,,,,,,,,,,,,,,,,,,,,,,,,,,,,,,,
Portalegre,2,2,,2,,,2,,,2,,,2,,,1,1,,2,1,,2,1,,2,1,,1,1,,1,1,,,2,,,2,,,1,,,,,,,,,,,,,,,,,,,,,,,,2,,,,,,,,,,,,,,,,,,,,,,,,,,,,,,,,,,,,,,,,,,,,,,,,,,,,,,,,,,,,,,,,,,,,,,,,,,,,,,,,,,,,,,,,,,,,,,,,,,
Porto do Mangue,2,9,,1,9,,1,9,,1,8,,1,8,,1,8,,1,6,,1,6,,,4,,,4,,,3,,,2,,,2,,,3,,,,,,,,,,,,,,,,,,,,,,,,,,,,,,,,,,,,,,,,,,,,,,,,,,,,,,,,,,,,,,,,,,,,,,,,,,,,,,,,,,,,,,,,,,,,,,,,,,,,,,,,,,,,,,,,,,,,,,,,,,
Pureza,,2,,,1,,,1,,,1,,,1,,,1,,,1,,,,,,,,,,,,,,,,,,,,,,,,,,,,,,,,,,,,,,,,,,,,,,,,,,,,,,,,,,,,1,,,1,,,2,,,3,,,3,,,3,,,3,,,2,,,,1,,,,,,,,,,,,,,,,,,,,,,,,,,,,,,,,,,,,,,,,,,,,,,,,,,,,,,,,,,
Rafael Fernandes,,2,,,1,,,1,,,1,,,1,,,1,,,1,,,1,,,1,,,1,,,1,,,1,,,1,,,1,,,1,,,1,,,1,,,1,,,1,,,1,,,1,,,1,,,1,,,1,,,1,,,1,,,2,,,2,,,2,,,2,,,2,,,1,,,1,,,1,,,,1,,,,,,,,,,,,,,1,,,,1,,,1,,,,1,,,,,,,,,,,,,,,,,,,,,,,,,,,,,,,,,
Rafael Godeiro,,1,,,1,,,1,,,1,,,1,,,1,,,1,,,,,,,,,,,,,,,,,,,,,,,,,,,,,,,,,,,,,,,,,,,,,,,,,,,,,,,,,,,,,,,,,,1,,,1,,,1,,,1,,,1,,,1,,,,1,,,,1,,,1,,,1,,,,,,,,,,,,,,,,,,,,,,,,,,,,,,,,,,,,,,,,,,,,,,,,
Riacho da Cruz,1,1,,1,,,1,,,1,,,1,,,1,,,1,,,1,,,1,,,1,,,,2,,,1,,,1,,,,,,,,,,,,,,,,,,,,,1,,,1,,,1,,,1,,,1,,,1,,,1,,,1,,,1,,,1,,,1,,,1,,,1,,,1,,,1,,,,1,,,,1,,,2,,,3,,,,1,,,,1,,,,,,,,,,,,,,,,,,,,,,,,,,,,,,,,,,,,,,,,
Riacho de Santana,,1,,,1,,,1,,,1,,,1,,,1,,,1,,,1,,,1,,,1,,,1,,,1,,,3,,,1,,,1,,,1,,,1,,,1,,,1,,,1,,,1,,,1,,,1,,,1,,,1,,,1,,,1,,,1,,,1,,,1,,,1,,,1,,,1,,,,,,,,,,,,,,,,,,,,,,,,,,,,,,,,,,,,,,,,,,,,,,,,,,,,,,,,,,,,,,,,,
Riachuelo,1,10,,1,7,,1,6,,1,5,,1,3,,1,3,,1,3,,1,2,,1,2,,1,3,,,3,,,2,,,2,,,2,,,1,,,1,,,1,,,1,,,1,,,1,,,1,,,1,,,1,,,1,,,1,,,1,,,1,,,1,,,1,,,1,,,1,,,1,,,,,,,,,,,,,,2,,,2,,,2,,,,1,,,,1,,,1,,,,1,,,,,,,,,,,,,,,,,,,,,,,,,,,,,,,,,
Rio do Fogo,,17,,,12,,,12,,,12,,,7,,,7,,,3,,,3,,,3,,,4,,,4,,,3,,,3,,,3,,,3,,,3,,,4,,,3,,,3,,,3,,,3,,,3,,,3,,,3,,,3,,,3,,,4,,,4,,,4,,,4,,,4,,,3,,,3,,,3,,,,3,,,,2,,,2,,,2,,,,3,,,,3,,,3,,,,3,,,3,,,,3,,,,,,,,,,,,,,,,,,,,,,,,,,
Rodolfo Fernandes,,,,,,,,,,,,,,,,,,,,,,,,,,,,,,,,,,,,,,,,,,,,,,,,,,,,,,,,,,,,,,,,,,,,,,,,,,,,,,,,,,,,,,,,,,,,,,,,,,,,,,,,,,,,,,,,,,,,,,,,,,,,,,,,,,,,,,,,,,,,,,,,,,,,,,,,,,,,,,,,,,,
Ruy Barbosa,,,,,,,,,,,,,,,,,,,,,,,,,,,,,,,,,,,,,,,,,,,,,,,,,,,,,,,,,,,,,,,,,,,,,,,,,,,,,,,,,,,,,,,,,,,,,,,,,,,,,,,,,,,,,,,,,,,,,,,,,,,,,,,,,,1,,,1,,,,1,,,,,,,,,,,,,,,,,,,,,,,,,,
Santa Cruz,12,73,,12,60,,12,61,,12,57,,12,53,,12,53,,12,49,,12,46,,12,46,,12,53,,12,52,,11,51,,10,60,,8,49,,8,45,,4,41,,4,44,,3,28,,3,26,,3,24,,3,24,,3,26,,2,7,,2,7,,1,8,,1,8,,1,7,,1,9,,1,10,,1,11,,,13,,,14,,,12,,,10,,,,10,,,,12,,,10,,,7,,,,3,,,,3,,,4,,,,5,,,2,,,,2,,,,2,,,,2,,,,,,,,,,,,,,,,,,
Santa Maria,2,10,,2,7,,2,7,,1,7,,1,4,,1,4,,1,3,,1,3,,1,3,,1,3,,1,3,,1,3,,1,3,,1,3,,,4,,,4,,,3,,,3,,,3,,,3,,,3,,,3,,,1,,,1,,,1,,,1,,,1,,,1,,,1,,,1,,,1,,,1,,,1,,,1,,,,1,,,,1,,,1,,,1,,,,1,,,,1,,,1,,,,1,,,1,,,,1,,,,,,,,,,,,,,,,,,,,,,,,,,
Santana do Matos,2,8,,1,10,,1,10,,1,5,,,5,,,6,,,6,,,4,,,3,,,2,,,2,,,2,,,2,,,2,,,2,,,1,,,1,,,1,,,1,,,1,,,1,,,1,,,1,,,1,,,1,,,1,,,1,,,1,,,1,,,1,,,1,,,1,,,1,,,,,,,,,,,1,,,1,,,1,,,,1,,,,1,,,1,,,,1,,,1,,,,,,,,,,,,,,,,,,,,,,,,,,,,,,
Santana do Seridó,,1,,,,,,,,,,,,,,,,,,,,,,,,,,,,,,,,,,,,,,,,,,,,,,,,,,,,,,,,,,,,,,,,,,,,,,,,,,,,,,,,,,,,,,,,,,,,,,,,,,,,,,,,,,,,,,,,,,,,,,,,,,,,,,,,,,,,,,,,,,,,,,,,,,,,,,,,,,,,,,,,,
Santo Antônio,10,27,,11,25,,11,25,,11,21,,10,20,,10,14,,9,15,,9,15,,9,15,,9,15,,9,15,,8,15,,8,18,,6,21,,6,17,,6,16,,6,15,,6,11,,6,18,,5,18,,5,11,,5,11,,4,7,,4,7,,3,8,,3,8,,3,7,,2,12,,2,12,,1,13,,1,11,,1,11,,1,9,,1,7,,,1,7,,,1,7,,,3,,,3,,,,1,,,,1,,,1,,,,1,,,,,,,,,,,,,,,,,,,,,,,,,,,,,,,,,
São Bento do Norte,,2,,,2,,,2,,,2,,,2,,,1,,,,,,,,,,,,,,,,,,,,,,,,,,,,,,,,,,,,,,,,,,,,,,,,,,,,,,,,,,,,,,,,,,,,,,,,,,,,,,,,,,,,1,,,,1,,,,1,,,1,,,1,,,,,,,,,,,,,,,,,,,,,,,,,,,,,,,,,,,,,,,,,,,,,,,,
São Bento do Trairí,,17,,,15,,,15,,,14,,,14,,,12,,,12,,,12,,,12,,,12,,,12,,,12,,,9,,,9,,,9,,,9,,,9,,,7,,,7,,,7,,,6,,,6,,,3,,,3,,,3,,,3,,,3,,,3,,,3,,,3,,,2,,,,,,,,,1,,,,1,,,,1,,,1,,,1,,,,,,,,,,,,,,,,,,,,,,,,,,,,,,,,,,,,,,,,,,,,,,,,
São Fernando,,2,,,2,,,2,,,2,,,2,,,2,,,2,,,2,,,2,,,2,,,2,,,2,,,2,,,2,,,2,,,2,,,2,,,2,,,2,,,2,,,2,,,2,,,2,,,2,,,2,,,2,,,2,,,2,,,2,,,2,,,2,,,2,,,2,,,2,,,,2,,,,2,,,2,,,2,,,,2,,,,2,,,2,,,,1,,,1,,,,1,,,,1,,,,,,,,,,,,,,,,,,,,,,
São Francisco do Oeste,,,,,,,,,,,,,,,,,,,,,,,,,,,,,,,,,,,,,,1,,,2,,,1,,,1,,,1,,,,,,1,,,1,,,1,,,1,,,1,,,1,,,1,,,1,,,1,,,1,,,1,,,1,,,1,,,2,,,1,,,1,,,,1,,,,1,,,1,,,1,,,,1,,,,1,,,1,,,,1,,,,,,,,,,,,,,,,,,,,,,,,,,,,,,,,,
São Gonçalo do Amarante,71,246,3,68,228,3,68,226,3,64,210,3,62,195,3,62,187,2,61,175,2,55,165,2,53,166,2,53,163,2,52,161,2,47,159,2,44,158,2,42,135,2,42,129,2,42,126,2,41,138,2,39,104,2,39,88,2,34,91,2,33,76,2,32,78,2,30,46,2,28,46,2,26,46,2,26,46,2,24,52,2,22,71,1,20,84,1,19,86,1,11,107,1,11,107,1,11,100,1,11,85,1,,10,79,,,9,59,,1,62,,1,39,,,2,18,,,1,18,,,21,,,,23,,,6,,,,4,,,,2,,,,,,,,,,,,,,,,,,,,,,
São João do Sabugi,,7,,,6,,,6,,,6,,,6,,,6,,,5,,,3,,,3,,,3,,,3,,,3,,,3,,,3,,,3,,,3,,,3,,,3,,,3,,,3,,,3,,,3,,,3,,,3,,,3,,,3,,,3,,,4,,,4,,,4,,,4,,,4,,,4,,,4,,,,4,,,,4,,,4,,,4,,,,4,,,,4,,,4,,,,3,,,3,,,,,,,,,,,,,,,,,,,,,,,,,,,,,,
São José de Mipibu,26,44,1,26,45,1,26,43,1,24,36,1,24,26,1,21,28,1,19,29,1,19,24,1,19,22,1,18,23,1,14,25,1,12,24,1,9,25,1,8,28,1,8,18,1,8,18,1,5,20,,5,15,,5,15,,5,15,,4,10,,4,10,,4,9,,2,9,,2,9,,2,9,,2,10,,,,,2,16,,2,17,,1,20,,1,20,,1,19,,1,20,,,1,21,,,1,21,,1,20,,1,18,,,1,6,,,1,6,,,6,,,,6,,,4,,,,4,,,,,,,,,,,,,,,,,,,,,,,,,,
São José do Campestre,,4,,,5,,,5,,,5,,,5,,,3,,,3,,,3,,,3,,,3,,,3,,,3,,,3,,,4,,,3,,,3,,,3,,,4,,,3,,,3,,,3,,,3,,,3,,,3,,,3,,,3,,,3,,,3,,,3,,,3,,,3,,,3,,,3,,,4,,,,4,,,,4,,,4,,,4,,,,4,,,,4,,,4,,,,4,,,3,,,,,,,,,,,,,,,,,,,,,,,,,,,,,,
São José do Seridó,,1,,,1,,,1,,,1,,,1,,,1,,,1,,,1,,,1,,,1,,,1,,,1,,,2,,,1,,,1,,,1,,,1,,,1,,,1,,,1,,,1,,,1,,,1,,,1,,,1,,,1,,,1,,,1,,,1,,,1,,,1,,,1,,,1,,,1,,,,1,,,,1,,,1,,,1,,,,1,,,,1,,,1,,,,,,,,,,,,,,,,,,,,,,,,,,,,,,,,,,,,,
São Miguel,15,32,,15,31,,15,31,,15,31,,14,28,,14,30,,11,26,,11,25,,11,23,,11,24,,10,25,,3,26,,3,23,,2,23,,2,20,,2,19,,2,19,,1,12,,1,11,,1,11,,1,11,,1,11,,1,7,,,7,,,7,,,7,,,8,,,8,,,8,,,8,,,8,,,4,,,4,,,3,,,,3,,,,3,,,3,,,3,,,,3,,,,3,,,3,,,,3,,,,,,,,,,,,,,,,,,,,,,,,,,,,,,,,,
São Miguel do Gostoso,,4,,1,1,,1,1,,1,2,,1,1,,1,1,,1,1,,1,1,,1,1,,1,1,,1,1,,1,1,,1,1,,1,1,,1,1,,1,1,,1,1,,1,1,,1,1,,1,1,,1,1,,1,1,,1,1,,1,1,,1,1,,1,1,,,1,,,1,,,2,,,2,,,2,,,2,,,2,,,3,,,,3,,,,1,,,1,,,1,,,,1,,,,1,,,2,,,,2,,,1,,,,1,,,,1,,,,1,,,,,,,,,,,,,,,,,,
São Paulo do Potengi,2,17,,2,15,,2,15,,2,15,,2,15,,2,15,,1,14,,1,14,,1,15,,1,15,,1,15,,1,13,,1,13,,,10,,,6,,,6,,,6,,,7,,,6,,,5,,,5,,,5,,,4,,,4,,,4,,,4,,,4,,,4,,,6,,,5,,,5,,,5,,,3,,,2,,,,2,,,,3,,,3,,,2,,,,2,,,,2,,,2,,,,1,,,1,,,,,,,,,,,,,,,,,,,,,,,,,,,,,,
São Pedro,1,4,,1,4,,1,3,,1,2,,1,2,,1,2,,1,2,,1,2,,1,2,,1,2,,1,2,,1,1,,1,1,,1,1,,1,1,,1,1,,1,1,,1,1,,1,2,,1,2,,1,2,,1,1,,1,,,1,,,1,,,1,,,1,,,1,,,1,,,1,,,1,,,1,,,1,,,1,,,,1,,,,,1,,,1,,,1,,,,,,,,,,,,,,,,,,,,,,,,,,,,,,,,,,,,,,,,,,,,,,,,
São Rafael,8,11,1,9,8,1,9,8,1,8,8,1,8,7,1,9,8,1,10,9,1,8,9,1,8,9,1,6,9,1,6,8,1,5,8,1,5,8,1,3,7,1,3,5,1,3,5,1,3,5,1,3,2,1,3,2,1,1,4,1,1,2,1,1,2,1,,2,1,,2,,,2,,,2,,,2,,,2,,,2,,,2,,,2,,,2,,,1,,,,,,,,,,,,,,,,,,,,,,,,,,,,,,,,,,,,,,,,,,,,,,,,,,,,,,,,,,,,,,,,,
São Tomé,3,4,1,3,4,1,3,4,1,3,4,1,3,1,1,1,5,,1,6,,1,2,,1,2,,,3,,,3,,,1,,,2,,,2,,,,,,,,,,,,,,,,,,,,,,,,,,,,,,,,,,,,,,,,,,,,,,,,,,,,,,,,,,,,,,,,,,,,,,,,,,,,,,,,,,,,,,,,,,,,,,,,,,,,,,,,,,,,,,,,,,,,,,,,,,
São Vicente,1,14,,1,14,,1,14,,,15,,,15,,,15,,,13,,,13,,,12,,,12,,,12,,,12,,,12,,,12,,,12,,,12,,,12,,,12,,,12,,,12,,,12,,,12,,,8,,,8,,,8,,,8,,,7,,,8,,,7,,,7,,,7,,,5,,,4,,,1,,,,1,,,,1,,,1,,,,,,,,,,,,,,,,,,,,,,,,,,,,,,,,,,,,,,,,,,,,,,,,,,,
Senador Elói de Souza,2,2,,1,1,,1,1,,1,2,,1,2,,,2,,,2,,,1,,,1,,,1,,,1,,,1,,,2,,,1,,,1,,,1,,,1,,,1,,,1,,,1,,,1,,,1,,,,,,,,,,,,,,,,,,,,,,,,,,,,,,,,,,,,,,,,,,,,,,,,,,,,,,,,,,,,,,,,,,,,,,,,,,,,,,,,,,,,,,,,,,,,,,,,,,
Senador Georgino Avelino,1,1,,1,1,,1,1,,,1,,,1,,,,,,,,,,,,,,,,,,,,,,,,,,,,,,,,,,,,,,,,,,,,,,,,,,,,,,,,,,,,,,,,,,,,,,,,,,,,,,,,,,,,,,,,,,,,,,,,,,,,,,,,,,,,,,,,,,,,,,,,,,,,,,,,,,,,,,,,,,,,,,,,,,,,,
Serra Caiada,,2,,,,,,,,,,,,,,,,,,,,,,,,,,,,,,,,,1,,,1,,,1,,,,,,,,,,,,,,,,,,,,,,,,,,,,,,,,,,,,,,,1,,,1,,,1,,,1,,,1,,,1,,,1,,,,,,,,,,,1,,,1,,,,,,,,,,,1,,,1,,,,,,,,,,,,,,,,,,,,,,,,,,,,,,,,,,,,,
Serra de São Bento,1,,,1,,,1,,,1,,,1,,,1,,,1,,,1,,,1,,,1,,,1,,,1,,,1,,,1,,,1,,,1,,,1,,,1,,,1,,,1,,,1,,,1,,,1,,,1,,,,,,,,,,,,,,,,,,,,,,,,,,,,,,,,,,,,,,,,,,,,,,,,,,,,,,,,,,,,,,,,,,,,,,,,,,,,,,,,,,,,,,,,,,,,,
Serra do Mel,1,6,,1,7,,1,8,,1,7,,1,5,,1,4,,1,4,,1,3,,1,2,,1,1,,1,1,,1,1,,1,3,,,4,,,3,,,3,,,2,,,2,,,2,,,2,,,1,,,1,,,1,,,1,,,1,,,1,,,1,,,1,,,1,,,1,,,1,,,1,,,1,,,1,,,,1,,,,1,,,1,,,1,,,,,,,,,,,,,,,1,,,1,,,,,,,,,,,,,,,,,,,,,,,,,,,,,,
Serra Negra do Norte,3,7,2,2,6,2,2,6,2,2,5,2,2,5,1,2,4,1,2,4,,2,4,,1,5,,1,4,,1,4,,1,4,,1,2,,1,2,,1,2,,1,2,,1,2,,1,,,1,,,,,,,,,,,,,,,,,,,,,,,,,,,,,,,,,,,,,,,,,,,,,,,,,,,,,,,,,,,,,,,,,,,,,,,,,,,,,,,,,,,,,,,,,,,,,,,,,,,,,,,,,,,,
Serrinha,,6,,,7,,,7,,,3,,,3,,,3,,,3,,,3,,,3,,,1,,,1,,,1,,,2,,,2,,,2,,,2,,,1,,,1,,,1,,,1,,,1,,,1,,,,,,1,,,1,,,1,,,2,,,2,,,2,,,1,,,1,,,1,,,1,,,1,,,,,,,,,,,,,,,,,,,,,,,,,,,,,,,,,,,,,,,,,,,,,,,,,,,,,,,,,,,,,,
Serrinha dos Pintos,,1,,,1,,,1,,,1,,,1,,,1,,,1,,,1,,,1,,,1,,,1,,,1,,,1,,,1,,,1,,,1,,,1,,,1,,,1,,,1,,,1,,,1,,,1,,,1,,,1,,,1,,,1,,,1,,,1,,,1,,,1,,,1,,,1,,,1,,,,1,,,,1,,,1,,,,,,,,,,,,,,,,,,,,,,,,,,,,,,,,,,,,,,,,,,,,,,,,,,,
Severiano Melo,,3,,,4,,,4,,,3,,,2,,,3,,,1,,,2,,,2,,,2,,,2,,,2,,,2,,,2,,,2,,,2,,,2,,,2,,,2,,,2,,,1,,,1,,,1,,,1,,,1,,,1,,,3,,,3,,,3,,,3,,,3,,,3,,,3,,,2,,,,2,,,,2,,,2,,,1,,,,,,,,,,,,,,,,,,,,,,,,,,,,,,,,,,,,,,,,,,,,,,,,
Sítio Novo,,2,,,1,,,1,,,1,,,1,,,1,,,1,,,1,,,1,,,1,,,1,,,1,,,1,,,1,,,1,,,1,,,1,,,1,,,1,,,1,,,1,,,2,,,1,,,1,,,1,,,1,,,1,,,1,,,1,,,1,,,1,,,1,,,1,,,,,,,,,,,,,,,,,,,,,,,,,,,,,,,,1,,,,,,,,,,,,,,,,,,,,,,,,,,,,,,,,,
Taboleiro Grande,4,5,1,2,6,1,2,6,1,1,1,1,1,1,1,1,2,1,1,2,,1,2,,1,1,,1,1,,,2,,,1,,,1,,,,,,,,,,,,,,,,,,,,,,,,,,,,,,,,,,,,,,,,,,,,,,,,,,,,,,,,,,,,,,,,,,,,,,,,,,,,,,,,,,,,,,,,,,,,,,,,,,,,,,,,,,,,,,,,,,,,,,,,,,,,,
Taipu,1,2,1,1,1,1,1,1,1,1,1,1,1,1,1,1,1,1,2,1,1,2,1,1,2,1,1,2,1,1,2,1,1,1,2,1,1,2,1,1,2,1,1,1,1,1,,1,1,,1,1,,1,1,,1,1,,1,1,,1,1,,1,1,,1,1,,1,1,1,1,1,1,1,1,2,1,1,2,1,1,2,1,1,2,1,1,2,1,1,1,1,1,1,1,1,,1,1,1,,1,,,2,,,2,,,2,,,,,,,,,,,,,,,,,,,,,,,,,,,,,,,,,,,,,,,,,,,,,,,,
Tangará,,14,,,14,,,14,,,14,,,13,,,10,,,8,,,2,,,2,,,2,,,2,,,2,,,3,,,1,,,1,,,,,,1,,,1,,,1,,,,,,,,,,,,,,,,,,,,,,,,,,,,,,1,,,1,,,1,,,1,,,1,,,1,,,,1,,,,,,,,,,,,,,,,,,,,,,,,,,,,,,,,,,,,,,,,,,,,,,,,,,,,,,,,,,
Tenente Ananias,3,7,2,3,7,2,3,7,2,3,5,2,3,5,2,4,5,2,3,5,2,3,5,2,3,5,2,3,5,2,3,5,2,4,4,2,3,4,2,2,6,2,2,4,2,2,4,2,2,4,2,2,4,2,2,4,2,2,4,2,2,4,2,2,4,2,2,,2,2,,2,2,,2,2,,2,2,,2,2,,2,1,1,2,1,,1,1,,1,1,,1,1,,1,1,,1,1,1,,1,,,1,,,2,,,2,,,,1,,,,1,,,1,,,,,,,,,,,,,,,,,,,,,,,,,,,,,,,,,,,,,
Tenente Laurentino Cruz,,4,,,4,,,4,,,4,,,4,,,3,,,3,,,2,,,3,,,3,,,3,,,3,,,2,,,2,,,2,,,2,,,1,,,1,,,1,,,1,,,1,,,1,,,2,,,2,,,2,,,3,,,2,,,4,,,2,,,1,,,1,,,1,,,1,,,1,,,,1,,,,,,,,,,,,,,,,,,,,,,,,,,,,,,,,,,,,,,,,,,,,,,,,,,,,,,,,,,
Tibau,10,10,,5,10,,5,10,,5,10,,3,12,,3,12,,3,12,,3,12,,3,12,,2,13,,2,13,,2,13,,2,17,,2,7,,2,7,,2,7,,2,6,,2,6,,2,6,,2,6,,2,6,,2,6,,2,6,,2,6,,2,6,,2,6,,2,6,,2,6,,1,8,,1,8,,1,8,,1,7,,1,7,,1,6,,,1,6,,,1,5,,1,3,,1,3,,,1,2,,,1,2,,,3,,,,1,,,4,,,,3,,,,2,,,,,,,,,,,,,,,,,,,,,,
Tibau do Sul,,1,,,,,,,,,,,,1,,,1,,,1,,,1,,,1,,,1,,,1,,,1,,,1,,,1,,,1,,,1,,,,,,,,,1,,,1,,,,,,,,,,,,,,,,,,,,,1,,,1,,,1,,,1,,,1,,,,,,,,,2,,,,2,,,,3,,,3,,,4,,,,3,,,,3,,,3,,,,4,,,1,,,,1,,,,1,,,,1,,,,1,,,,,,,,,,,,,,
Timbaúba dos Batistas,,2,,,2,,,2,,,2,,,1,,,1,,,1,,,1,,,1,,,1,,,1,,,1,,,1,,,2,,,1,,,1,,,1,,,1,,,2,,,2,,,1,,,1,,,1,,,1,,,1,,,1,,,1,,,1,,,1,,,1,,,1,,,1,,,1,,,1,,,,1,,,,1,,,1,,,1,,,,1,,,,1,,,1,,,,,,,,,,,,,,,,,,,,,,,,,,,,,,,,,,,,,
Touros,3,16,1,5,19,1,5,19,1,2,14,1,2,12,1,2,8,1,1,4,1,1,4,1,1,4,1,1,4,1,1,4,1,1,4,1,1,4,1,1,15,1,1,12,1,1,12,1,1,12,1,1,1,1,1,7,1,1,7,1,1,1,1,1,1,1,1,1,1,,1,,,1,,,1,,,2,,,2,,,2,,,3,,,4,,,4,,,3,,,1,,,,1,,,,1,,,1,,,1,,,,1,,,,1,,,3,,,,3,,,1,,,,,,,,,,,,,,,,,,,,,,,,,,,,,,
Triunfo Potiguar,,2,,,,,,,,,,,,,,,,,,,,,,,,,,,,,,,,,,,,,,,,,,,,,,,,,,,,,,,,,,,,,,,,,,,,,,,,,,,,,,,,,,,,,,,1,,,1,,,1,,,1,,,1,,,,1,,,,1,,,1,,,1,,,,,,,,,,,,,,,,,,,,,,,,,,,,,,,,,,,,,,,,,,,,,,,,
Umarizal,,2,,,4,,,4,,,4,,,3,,,3,,,3,,,1,,,1,,,1,,,1,,,1,,,1,,,2,,,2,,,2,,,3,,,3,,,3,,,2,,,2,,,2,,,,,,,,,,,,,,,,,,,,,,,,,,,,,,,,,,,,,,,,,,,,1,,,1,,,1,,,,1,,,,1,,,1,,,,1,,,,,,,,,,,,,,,,,,,,,,,,,,,,,,,,,
Upanema,1,6,,1,2,,1,2,,1,,,1,,,,,,,,,,,,,,,,,,,,,,,,,,,,,,,,,,1,,,1,,,1,,,,,,,,,,,,,,,,,,,,,,,,,,,,,,,,,,,,,,,,,,,,,,,,,,,,,,,,,,,,,,,,,,,,,,,,,,,,,,,,,,,,,,,,,,,,,,,,,,,,,,,,,,,,,,
Várzea,,1,,,,,,,,,,,,,,,,,,,,,,,,,,,,,,,,,,,,3,,,1,,,1,,,1,,,1,,,1,,,1,,,,,,,,,,,,,,,,,,,,,,,,,,,,,,,,,,,,,,,,,,,,,,,,,,,,,1,,,1,,,,,,,,,,,,,,,,,,,,,,,,,,,,,,,,,,,,,,,,,,,,,,,,,,,
Venha-Ver,,,,,,,,,,,,,,,,,,,,,,,,,,,,,,,,,,,,,,,,,,,,,,,,,,,,,,,,,,,,,,,,,,,,,,,,,,,,,,,,,,,,,,,,,,,,,,,,,,,,,1,,,,1,,,,1,,,1,,,1,,,,1,,,,1,,,1,,,,1,,,,,,,,,,,,,,,,,,,,,,,,,,,,,,,,,
Vera Cruz,,2,,,2,,,2,,,2,,,1,,,1,,,1,,,1,,,1,,,1,,,1,,,1,,,1,,,1,,,1,,,1,,,1,,,1,,,,,,,,,,,,,,,,,,,,,,,,,,,1,,,1,,,1,,,1,,,2,,,2,,,2,,,1,,,,1,,,,2,,,1,,,,,,,,,,,,,,,,,,1,,,,,,,,,,,,,,,,,,,,,,,,,,,,,,,,,
Viçosa,,5,,,5,,,5,,,5,,,5,,,5,,,,,,,,,,,,,,,,,,,,,,,,,,,,,,,,,,,,,,,,,,,,,,,,,,,1,,,1,,,1,,,1,,,1,,,1,,,1,,,1,,,1,,,1,,,1,,,1,,,,1,,,,,,,,,,,,,,,,,,,,,,,,,,,,,,,,,,,,,,,,,,,,,,,,,,,,,,,,,,
Vila Flor,,1,,,1,,,1,,,1,,,1,,,1,,,1,,,1,,,1,,,1,,,1,,,,,,,,,2,,,2,,,2,,,2,,,,,,,,,,,,,,,,,,,,,,,,,,,,,,,,,,,,,,,,,,,,,,,,,,,,,,,,,,,,,,,,,,,,,,,,,,,,,,,,,,,,,,,,,,,,,,,,,,,,,,,,,,,,,,,,,
Importados,8,33,2,9,29,2,9,29,,9,26,2,8,25,2,8,25,2,8,25,2,8,25,2,8,25,2,7,25,2,6,26,1,6,26,1,10,58,1,9,41,1,,,1,,,1,,,1,,,1,,,,,,,,,,,,,,,,,,,,,,,,,,,,,,,,,,,,,,,,,,,,,,4,31,,,5,32,,,5,40,,3,38,,2,30,,,2,27,,,1,28,,,30,,,,26,,,24,,,,10,,,,3,,,,3,,,,2,,,,,1,,,1,1,,,,,